/*
 Navicat Premium Data Transfer

 Source Server         : kerjaan
 Source Server Type    : MySQL
 Source Server Version : 50733
 Source Host           : localhost:3306
 Source Schema         : stok_barang

 Target Server Type    : MySQL
 Target Server Version : 50733
 File Encoding         : 65001

 Date: 18/01/2022 17:04:56
*/

SET NAMES utf8mb4;
SET FOREIGN_KEY_CHECKS = 0;

-- ----------------------------
-- Table structure for ci_sessions
-- ----------------------------
DROP TABLE IF EXISTS `ci_sessions`;
CREATE TABLE `ci_sessions`  (
  `id` varchar(128) CHARACTER SET utf8mb4 COLLATE utf8mb4_general_ci NOT NULL,
  `ip_address` varchar(45) CHARACTER SET utf8mb4 COLLATE utf8mb4_general_ci NOT NULL,
  `timestamp` int(10) UNSIGNED NOT NULL DEFAULT 0,
  `data` blob NOT NULL,
  INDEX `ci_sessions_timestamp`(`timestamp`) USING BTREE
) ENGINE = InnoDB CHARACTER SET = utf8mb4 COLLATE = utf8mb4_general_ci ROW_FORMAT = Dynamic;

-- ----------------------------
-- Records of ci_sessions
-- ----------------------------
INSERT INTO `ci_sessions` VALUES ('mkoms68irmurerej7at2r742094kg8lb', '::1', 1595896918, 0x5F5F63695F6C6173745F726567656E65726174657C693A313539353839363931383B5573657249447C733A313A2231223B557365727C733A31333A2241646D696E6973747261746F72223B6C6576656C7C733A353A2261646D696E223B666F746F7C733A31313A2264656661756C742E6A7067223B4354523831307C643A333B);
INSERT INTO `ci_sessions` VALUES ('n2tfjshuptt1cjg7qdcg3rokp5691adt', '::1', 1595895148, 0x5F5F63695F6C6173745F726567656E65726174657C693A313539353839353134383B);
INSERT INTO `ci_sessions` VALUES ('88gk24tgttbigcvumvp3rs2rfpt24dho', '::1', 1595897427, 0x5F5F63695F6C6173745F726567656E65726174657C693A313539353839373432373B5573657249447C733A313A2231223B557365727C733A31333A2241646D696E6973747261746F72223B6C6576656C7C733A353A2261646D696E223B666F746F7C733A31313A2264656661756C742E6A7067223B636172745F636F6E74656E74737C613A333A7B733A31303A22636172745F746F74616C223B643A3231303030303B733A31313A22746F74616C5F6974656D73223B643A313B733A33323A223437613030616230316333313866363735326435653034303431326361386361223B613A363A7B733A323A226964223B733A363A22435452383130223B733A333A22717479223B643A313B733A353A227072696365223B643A3231303030303B733A343A226E616D65223B733A31333A2243617274726964676520383130223B733A353A22726F776964223B733A33323A223437613030616230316333313866363735326435653034303431326361386361223B733A383A22737562746F74616C223B643A3231303030303B7D7D);
INSERT INTO `ci_sessions` VALUES ('u49jdmtuuh55t2fube6frfkk685tcq2e', '::1', 1595897248, 0x5F5F63695F6C6173745F726567656E65726174657C693A313539353839373234383B);
INSERT INTO `ci_sessions` VALUES ('p2emfq0rrkrdajqle5gthfmsmktfmi60', '::1', 1595897248, 0x5F5F63695F6C6173745F726567656E65726174657C693A313539353839373234383B);
INSERT INTO `ci_sessions` VALUES ('4bjr85et5fjaf0bjtlvvfvb5j8v9ksjd', '::1', 1595897248, 0x5F5F63695F6C6173745F726567656E65726174657C693A313539353839373234383B);
INSERT INTO `ci_sessions` VALUES ('hp1r8hk38gstvfc8kpfuibbqevj6u21q', '::1', 1595897754, 0x5F5F63695F6C6173745F726567656E65726174657C693A313539353839373735343B5573657249447C733A313A2231223B557365727C733A31333A2241646D696E6973747261746F72223B6C6576656C7C733A353A2261646D696E223B666F746F7C733A31313A2264656661756C742E6A7067223B);
INSERT INTO `ci_sessions` VALUES ('pgre5g52uu0a8dqbinfhdb0cohiuqdmd', '::1', 1595899614, 0x5F5F63695F6C6173745F726567656E65726174657C693A313539353839393631343B5573657249447C733A313A2231223B557365727C733A31333A2241646D696E6973747261746F72223B6C6576656C7C733A353A2261646D696E223B666F746F7C733A31313A2264656661756C742E6A7067223B);
INSERT INTO `ci_sessions` VALUES ('77me31dg4bq7s7lkngc99a15oa842q87', '::1', 1595899977, 0x5F5F63695F6C6173745F726567656E65726174657C693A313539353839393937373B5573657249447C733A313A2231223B557365727C733A31333A2241646D696E6973747261746F72223B6C6576656C7C733A353A2261646D696E223B666F746F7C733A31313A2264656661756C742E6A7067223B);
INSERT INTO `ci_sessions` VALUES ('tuabp0kumlpqq93pa9jt0ukql8t3lrc3', '::1', 1595904548, 0x5F5F63695F6C6173745F726567656E65726174657C693A313539353930343534383B5573657249447C733A313A2231223B557365727C733A31333A2241646D696E6973747261746F72223B6C6576656C7C733A353A2261646D696E223B666F746F7C733A31313A2264656661756C742E6A7067223B);
INSERT INTO `ci_sessions` VALUES ('aqpla5sovopsq6r7su6og270kn7oddjc', '::1', 1595904933, 0x5F5F63695F6C6173745F726567656E65726174657C693A313539353930343933333B5573657249447C733A313A2231223B557365727C733A31333A2241646D696E6973747261746F72223B6C6576656C7C733A353A2261646D696E223B666F746F7C733A31313A2264656661756C742E6A7067223B);
INSERT INTO `ci_sessions` VALUES ('k2qdblhur48ti25jd5la3v7732lacr6b', '::1', 1595905239, 0x5F5F63695F6C6173745F726567656E65726174657C693A313539353930353233393B5573657249447C733A313A2231223B557365727C733A31333A2241646D696E6973747261746F72223B6C6576656C7C733A353A2261646D696E223B666F746F7C733A31313A2264656661756C742E6A7067223B);
INSERT INTO `ci_sessions` VALUES ('r26lpn5cpk45tnn8qdemspjidbreob8n', '::1', 1595905549, 0x5F5F63695F6C6173745F726567656E65726174657C693A313539353930353534393B5573657249447C733A313A2231223B557365727C733A31333A2241646D696E6973747261746F72223B6C6576656C7C733A353A2261646D696E223B666F746F7C733A31313A2264656661756C742E6A7067223B);
INSERT INTO `ci_sessions` VALUES ('1105b5fapg0b15sdhc8mmf9kbdeo7kt3', '::1', 1595905898, 0x5F5F63695F6C6173745F726567656E65726174657C693A313539353930353839383B5573657249447C733A313A2231223B557365727C733A31333A2241646D696E6973747261746F72223B6C6576656C7C733A353A2261646D696E223B666F746F7C733A31313A2264656661756C742E6A7067223B616C6572747C733A34303A223C7020636C6173733D226D792D30223E54616E6767616C20746964616B2076616C69643C2F703E0A223B5F5F63695F766172737C613A313A7B733A353A22616C657274223B733A333A226F6C64223B7D);
INSERT INTO `ci_sessions` VALUES ('vgc5pj0fgrnb0cnah69lc8pi3de4ic6a', '::1', 1595906414, 0x5F5F63695F6C6173745F726567656E65726174657C693A313539353930363431343B5573657249447C733A313A2231223B557365727C733A31333A2241646D696E6973747261746F72223B6C6576656C7C733A353A2261646D696E223B666F746F7C733A31313A2264656661756C742E6A7067223B);
INSERT INTO `ci_sessions` VALUES ('mo3dudaja2d4lrsuiv36f89g239tf6fk', '::1', 1595906730, 0x5F5F63695F6C6173745F726567656E65726174657C693A313539353930363733303B5573657249447C733A313A2231223B557365727C733A31333A2241646D696E6973747261746F72223B6C6576656C7C733A353A2261646D696E223B666F746F7C733A31313A2264656661756C742E6A7067223B);
INSERT INTO `ci_sessions` VALUES ('na327fkgj85fbh6s0j8hlh68a372rf3q', '::1', 1595906548, 0x5F5F63695F6C6173745F726567656E65726174657C693A313539353930363534383B);
INSERT INTO `ci_sessions` VALUES ('8p8rgqj7anoocdr1kk1rd0ulipsglt4m', '::1', 1595906548, 0x5F5F63695F6C6173745F726567656E65726174657C693A313539353930363534383B);
INSERT INTO `ci_sessions` VALUES ('si99e7sr6i6hb86jjirre32shito6khu', '::1', 1595906549, 0x5F5F63695F6C6173745F726567656E65726174657C693A313539353930363534393B);
INSERT INTO `ci_sessions` VALUES ('de9tt4n7cvj8pmfqm4jqln8qen6h9da9', '::1', 1595907202, 0x5F5F63695F6C6173745F726567656E65726174657C693A313539353930373230323B5573657249447C733A313A2231223B557365727C733A31333A2241646D696E6973747261746F72223B6C6576656C7C733A353A2261646D696E223B666F746F7C733A31313A2264656661756C742E6A7067223B);
INSERT INTO `ci_sessions` VALUES ('n0d81ihb9088nod90sup67320pn4ahit', '::1', 1595909298, 0x5F5F63695F6C6173745F726567656E65726174657C693A313539353930393239383B5573657249447C733A313A2231223B557365727C733A31333A2241646D696E6973747261746F72223B6C6576656C7C733A353A2261646D696E223B666F746F7C733A31313A2264656661756C742E6A7067223B);
INSERT INTO `ci_sessions` VALUES ('i3o0kcgi4mm2pko552lrip63f2pkojca', '::1', 1595910211, 0x5F5F63695F6C6173745F726567656E65726174657C693A313539353931303231313B5573657249447C733A313A2231223B557365727C733A31333A2241646D696E6973747261746F72223B6C6576656C7C733A353A2261646D696E223B666F746F7C733A31313A2264656661756C742E6A7067223B);
INSERT INTO `ci_sessions` VALUES ('mi4k8nh2io39g7fgbntudm53h66rct83', '::1', 1595910627, 0x5F5F63695F6C6173745F726567656E65726174657C693A313539353931303632373B5573657249447C733A313A2231223B557365727C733A31333A2241646D696E6973747261746F72223B6C6576656C7C733A353A2261646D696E223B666F746F7C733A31313A2264656661756C742E6A7067223B);
INSERT INTO `ci_sessions` VALUES ('oaor4vstaldto12d6qe81h18n85gqhv7', '::1', 1595911467, 0x5F5F63695F6C6173745F726567656E65726174657C693A313539353931313436373B5573657249447C733A313A2231223B557365727C733A31333A2241646D696E6973747261746F72223B6C6576656C7C733A353A2261646D696E223B666F746F7C733A31313A2264656661756C742E6A7067223B);
INSERT INTO `ci_sessions` VALUES ('vmf78u2br27d68njo6nsrvvlbfe0p8fs', '::1', 1595913035, 0x5F5F63695F6C6173745F726567656E65726174657C693A313539353931333033353B5573657249447C733A313A2231223B557365727C733A31333A2241646D696E6973747261746F72223B6C6576656C7C733A353A2261646D696E223B666F746F7C733A31313A2264656661756C742E6A7067223B);
INSERT INTO `ci_sessions` VALUES ('mflkqk95s8fo3vngej36mb9jaejaigfd', '::1', 1595913624, 0x5F5F63695F6C6173745F726567656E65726174657C693A313539353931333632343B5573657249447C733A313A2231223B557365727C733A31333A2241646D696E6973747261746F72223B6C6576656C7C733A353A2261646D696E223B666F746F7C733A31313A2264656661756C742E6A7067223B);
INSERT INTO `ci_sessions` VALUES ('us24kbmh7f1j8e9k6hfdmbdpkj0agvuv', '::1', 1595913148, 0x5F5F63695F6C6173745F726567656E65726174657C693A313539353931333134383B);
INSERT INTO `ci_sessions` VALUES ('3hdrnr387r8a8lqod0f09ujj0jo3t0ar', '::1', 1595913149, 0x5F5F63695F6C6173745F726567656E65726174657C693A313539353931333134393B);
INSERT INTO `ci_sessions` VALUES ('e37fr42dgt9ksh86nu4cdrla85ardnh9', '::1', 1595913149, 0x5F5F63695F6C6173745F726567656E65726174657C693A313539353931333134393B);
INSERT INTO `ci_sessions` VALUES ('p4nj692k26rehqtuk4km6mucd5638vab', '::1', 1595914236, 0x5F5F63695F6C6173745F726567656E65726174657C693A313539353931343233363B5573657249447C733A313A2231223B557365727C733A31333A2241646D696E6973747261746F72223B6C6576656C7C733A353A2261646D696E223B666F746F7C733A31313A2264656661756C742E6A7067223B);
INSERT INTO `ci_sessions` VALUES ('lk1sa20pk48pmiupbdj2oo8l9knjit5t', '::1', 1595917556, 0x5F5F63695F6C6173745F726567656E65726174657C693A313539353931373535363B5573657249447C733A313A2231223B557365727C733A31333A2241646D696E6973747261746F72223B6C6576656C7C733A353A2261646D696E223B666F746F7C733A31313A2264656661756C742E6A7067223B);
INSERT INTO `ci_sessions` VALUES ('qilf9s3s69e1j4t4vn9ec34i5l7ksi3e', '::1', 1595917969, 0x5F5F63695F6C6173745F726567656E65726174657C693A313539353931373936393B5573657249447C733A313A2231223B557365727C733A31333A2241646D696E6973747261746F72223B6C6576656C7C733A353A2261646D696E223B666F746F7C733A31313A2264656661756C742E6A7067223B);
INSERT INTO `ci_sessions` VALUES ('mc921c4d6foa43arc3k8jbk2omu6rk63', '::1', 1595918307, 0x5F5F63695F6C6173745F726567656E65726174657C693A313539353931383330373B5573657249447C733A313A2231223B557365727C733A31333A2241646D696E6973747261746F72223B6C6576656C7C733A353A2261646D696E223B666F746F7C733A31313A2264656661756C742E6A7067223B);
INSERT INTO `ci_sessions` VALUES ('36ft4hes0gvkood36l94h0asv56qljdb', '::1', 1595918642, 0x5F5F63695F6C6173745F726567656E65726174657C693A313539353931383634323B5573657249447C733A313A2231223B557365727C733A31333A2241646D696E6973747261746F72223B6C6576656C7C733A353A2261646D696E223B666F746F7C733A31313A2264656661756C742E6A7067223B);
INSERT INTO `ci_sessions` VALUES ('ps86t5nbreecm0g4lvqmt8ffm3ia4slh', '::1', 1595918949, 0x5F5F63695F6C6173745F726567656E65726174657C693A313539353931383934393B5573657249447C733A313A2231223B557365727C733A31333A2241646D696E6973747261746F72223B6C6576656C7C733A353A2261646D696E223B666F746F7C733A31313A2264656661756C742E6A7067223B);
INSERT INTO `ci_sessions` VALUES ('khiq9f2iscordlm56boa80fq05mf4d63', '::1', 1595919252, 0x5F5F63695F6C6173745F726567656E65726174657C693A313539353931393235323B5573657249447C733A313A2231223B557365727C733A31333A2241646D696E6973747261746F72223B6C6576656C7C733A353A2261646D696E223B666F746F7C733A31313A2264656661756C742E6A7067223B);
INSERT INTO `ci_sessions` VALUES ('3oe73arbevcs1utl53i85limld33gdg2', '::1', 1595919447, 0x5F5F63695F6C6173745F726567656E65726174657C693A313539353931393434373B5573657249447C733A313A2231223B557365727C733A31333A2241646D696E6973747261746F72223B6C6576656C7C733A353A2261646D696E223B666F746F7C733A31313A2264656661756C742E6A7067223B);
INSERT INTO `ci_sessions` VALUES ('09r2choqhm0hjsassgvgk16hbahj73um', '::1', 1595920048, 0x5F5F63695F6C6173745F726567656E65726174657C693A313539353932303034383B5573657249447C733A313A2231223B557365727C733A31333A2241646D696E6973747261746F72223B6C6576656C7C733A353A2261646D696E223B666F746F7C733A31313A2264656661756C742E6A7067223B);
INSERT INTO `ci_sessions` VALUES ('46ffe4h375kf5r5pde79c1aoh1q1u9rg', '::1', 1595919806, 0x5F5F63695F6C6173745F726567656E65726174657C693A313539353931393830363B5573657249447C733A313A2231223B557365727C733A31333A2241646D696E6973747261746F72223B6C6576656C7C733A353A2261646D696E223B666F746F7C733A31313A2264656661756C742E6A7067223B);
INSERT INTO `ci_sessions` VALUES ('pe22jd41m7iqkcjdjh2anplvhiop7lkc', '::1', 1595920277, 0x5F5F63695F6C6173745F726567656E65726174657C693A313539353932303237373B5573657249447C733A313A2231223B557365727C733A31333A2241646D696E6973747261746F72223B6C6576656C7C733A353A2261646D696E223B666F746F7C733A31313A2264656661756C742E6A7067223B);
INSERT INTO `ci_sessions` VALUES ('klfack0lugccsn5i23snvsjh9i9f6gc2', '::1', 1595920264, 0x5F5F63695F6C6173745F726567656E65726174657C693A313539353932303034383B5573657249447C733A313A2231223B557365727C733A31333A2241646D696E6973747261746F72223B6C6576656C7C733A353A2261646D696E223B666F746F7C733A31313A2264656661756C742E6A7067223B);
INSERT INTO `ci_sessions` VALUES ('to0loocge1o6ekhapf04mtvr8g33qis7', '::1', 1595920442, 0x5F5F63695F6C6173745F726567656E65726174657C693A313539353932303237373B5573657249447C733A313A2231223B557365727C733A31333A2241646D696E6973747261746F72223B6C6576656C7C733A353A2261646D696E223B666F746F7C733A31313A2264656661756C742E6A7067223B);
INSERT INTO `ci_sessions` VALUES ('7h6l0m6d7ss7kbkss6v013eaguhh8qlj', '::1', 1595927814, 0x5F5F63695F6C6173745F726567656E65726174657C693A313539353932373831343B5573657249447C733A313A2231223B557365727C733A31333A2241646D696E6973747261746F72223B6C6576656C7C733A353A2261646D696E223B666F746F7C733A31313A2264656661756C742E6A7067223B);
INSERT INTO `ci_sessions` VALUES ('mmc150oe00oba8ccugueu5ht4u09qhlu', '::1', 1595928267, 0x5F5F63695F6C6173745F726567656E65726174657C693A313539353932383236373B5573657249447C733A313A2231223B557365727C733A31333A2241646D696E6973747261746F72223B6C6576656C7C733A353A2261646D696E223B666F746F7C733A31313A2264656661756C742E6A7067223B);
INSERT INTO `ci_sessions` VALUES ('rn0mrrlk39ljqnvp0e74b5quja379025', '::1', 1595928237, 0x5F5F63695F6C6173745F726567656E65726174657C693A313539353932383233373B5573657249447C733A313A2231223B557365727C733A31333A2241646D696E6973747261746F72223B6C6576656C7C733A353A2261646D696E223B666F746F7C733A31313A2264656661756C742E6A7067223B);
INSERT INTO `ci_sessions` VALUES ('pgdu1i6avpphopnqnn0q9m2k9bjdp0ji', '::1', 1595928241, 0x5F5F63695F6C6173745F726567656E65726174657C693A313539353932383233373B5573657249447C733A313A2231223B557365727C733A31333A2241646D696E6973747261746F72223B6C6576656C7C733A353A2261646D696E223B666F746F7C733A31313A2264656661756C742E6A7067223B);
INSERT INTO `ci_sessions` VALUES ('scgrh9vq5e1gt2p2h8eujqqoerne405q', '::1', 1595928267, 0x5F5F63695F6C6173745F726567656E65726174657C693A313539353932383236373B5573657249447C733A313A2231223B557365727C733A31333A2241646D696E6973747261746F72223B6C6576656C7C733A353A2261646D696E223B666F746F7C733A31313A2264656661756C742E6A7067223B);
INSERT INTO `ci_sessions` VALUES ('3dl58shnuluk615e6re6pflqdtlqa7sc', '::1', 1595987714, 0x5F5F63695F6C6173745F726567656E65726174657C693A313539353938373731343B5573657249447C733A313A2231223B557365727C733A31333A2241646D696E6973747261746F72223B6C6576656C7C733A353A2261646D696E223B666F746F7C733A31313A2264656661756C742E6A7067223B);
INSERT INTO `ci_sessions` VALUES ('5bgguh6d4fr1sikvj1cossmvi2007tam', '::1', 1595988062, 0x5F5F63695F6C6173745F726567656E65726174657C693A313539353938383036323B5573657249447C733A313A2231223B557365727C733A31333A2241646D696E6973747261746F72223B6C6576656C7C733A353A2261646D696E223B666F746F7C733A31313A2264656661756C742E6A7067223B);
INSERT INTO `ci_sessions` VALUES ('s4olj9vi99btj5rtmv6e9718849iom8s', '::1', 1595988364, 0x5F5F63695F6C6173745F726567656E65726174657C693A313539353938383336343B5573657249447C733A313A2231223B557365727C733A31333A2241646D696E6973747261746F72223B6C6576656C7C733A353A2261646D696E223B666F746F7C733A31313A2264656661756C742E6A7067223B);
INSERT INTO `ci_sessions` VALUES ('5rihnrv1c5p6su2fjnj6j5vvnv7v1kar', '::1', 1595988669, 0x5F5F63695F6C6173745F726567656E65726174657C693A313539353938383636393B5573657249447C733A313A2231223B557365727C733A31333A2241646D696E6973747261746F72223B6C6576656C7C733A353A2261646D696E223B666F746F7C733A31313A2264656661756C742E6A7067223B);
INSERT INTO `ci_sessions` VALUES ('ktsrsgerj1thjafnrabita3ruoh5cr3v', '::1', 1595988993, 0x5F5F63695F6C6173745F726567656E65726174657C693A313539353938383939333B5573657249447C733A313A2231223B557365727C733A31333A2241646D696E6973747261746F72223B6C6576656C7C733A353A2261646D696E223B666F746F7C733A31313A2264656661756C742E6A7067223B);
INSERT INTO `ci_sessions` VALUES ('9vk30mqrdsemfcpji97f8r84pkbaoopi', '::1', 1595989744, 0x5F5F63695F6C6173745F726567656E65726174657C693A313539353938393734343B5573657249447C733A313A2231223B557365727C733A31333A2241646D696E6973747261746F72223B6C6576656C7C733A353A2261646D696E223B666F746F7C733A31313A2264656661756C742E6A7067223B);
INSERT INTO `ci_sessions` VALUES ('f10o0ive88gvhsk6k5g9tv6sbltpha1a', '::1', 1595990051, 0x5F5F63695F6C6173745F726567656E65726174657C693A313539353939303035313B5573657249447C733A313A2231223B557365727C733A31333A2241646D696E6973747261746F72223B6C6576656C7C733A353A2261646D696E223B666F746F7C733A31313A2264656661756C742E6A7067223B);
INSERT INTO `ci_sessions` VALUES ('lmqd4oqpa27u5v0u9unnror0m4n2rh73', '::1', 1595990372, 0x5F5F63695F6C6173745F726567656E65726174657C693A313539353939303337323B5573657249447C733A313A2231223B557365727C733A31333A2241646D696E6973747261746F72223B6C6576656C7C733A353A2261646D696E223B666F746F7C733A31313A2264656661756C742E6A7067223B);
INSERT INTO `ci_sessions` VALUES ('uj7etdf71ulb4f65rb9bhup7fvbhju3i', '::1', 1595990678, 0x5F5F63695F6C6173745F726567656E65726174657C693A313539353939303637383B5573657249447C733A313A2231223B557365727C733A31333A2241646D696E6973747261746F72223B6C6576656C7C733A353A2261646D696E223B666F746F7C733A31313A2264656661756C742E6A7067223B);
INSERT INTO `ci_sessions` VALUES ('hlgi2ile6pvb4139frc31m4cfscdm8l9', '::1', 1595991121, 0x5F5F63695F6C6173745F726567656E65726174657C693A313539353939313132313B5573657249447C733A313A2231223B557365727C733A31333A2241646D696E6973747261746F72223B6C6576656C7C733A353A2261646D696E223B666F746F7C733A31313A2264656661756C742E6A7067223B);
INSERT INTO `ci_sessions` VALUES ('g1i24blv4e0junmvbn0ierot5at3lpa1', '::1', 1595991558, 0x5F5F63695F6C6173745F726567656E65726174657C693A313539353939313535383B5573657249447C733A313A2231223B557365727C733A31333A2241646D696E6973747261746F72223B6C6576656C7C733A353A2261646D696E223B666F746F7C733A31313A2264656661756C742E6A7067223B);
INSERT INTO `ci_sessions` VALUES ('ki8a59o8ogiqit7oet2tcjbln56pgcio', '::1', 1595992007, 0x5F5F63695F6C6173745F726567656E65726174657C693A313539353939323030373B5573657249447C733A313A2231223B557365727C733A31333A2241646D696E6973747261746F72223B6C6576656C7C733A353A2261646D696E223B666F746F7C733A31313A2264656661756C742E6A7067223B);
INSERT INTO `ci_sessions` VALUES ('s5nbk3ppb5hack4jp16jf5geok5vjrte', '::1', 1595992308, 0x5F5F63695F6C6173745F726567656E65726174657C693A313539353939323330383B5573657249447C733A313A2231223B557365727C733A31333A2241646D696E6973747261746F72223B6C6576656C7C733A353A2261646D696E223B666F746F7C733A31313A2264656661756C742E6A7067223B);
INSERT INTO `ci_sessions` VALUES ('lbs6h6u64u9egb7io8h2grtm3cjh4icg', '::1', 1595995092, 0x5F5F63695F6C6173745F726567656E65726174657C693A313539353939353039323B5573657249447C733A313A2231223B557365727C733A31333A2241646D696E6973747261746F72223B6C6576656C7C733A353A2261646D696E223B666F746F7C733A31313A2264656661756C742E6A7067223B);
INSERT INTO `ci_sessions` VALUES ('98h1nbbedeac8ugb16gr2d4cchodqlc5', '::1', 1595996017, 0x5F5F63695F6C6173745F726567656E65726174657C693A313539353939363031373B5573657249447C733A313A2231223B557365727C733A31333A2241646D696E6973747261746F72223B6C6576656C7C733A353A2261646D696E223B666F746F7C733A31313A2264656661756C742E6A7067223B);
INSERT INTO `ci_sessions` VALUES ('8pa7jmppflgbirniofobksp5vg8ksaat', '::1', 1595996531, 0x5F5F63695F6C6173745F726567656E65726174657C693A313539353939363533313B5573657249447C733A313A2231223B557365727C733A31333A2241646D696E6973747261746F72223B6C6576656C7C733A353A2261646D696E223B666F746F7C733A31313A2264656661756C742E6A7067223B);
INSERT INTO `ci_sessions` VALUES ('l5h9kmrb5kdipimg0noact7gmqgom19l', '::1', 1595996852, 0x5F5F63695F6C6173745F726567656E65726174657C693A313539353939363835323B5573657249447C733A313A2231223B557365727C733A31333A2241646D696E6973747261746F72223B6C6576656C7C733A353A2261646D696E223B666F746F7C733A31313A2264656661756C742E6A7067223B);
INSERT INTO `ci_sessions` VALUES ('ej5ercngpo89vq6hmgnv5j3ccufl5gv4', '::1', 1595997179, 0x5F5F63695F6C6173745F726567656E65726174657C693A313539353939373137393B5573657249447C733A313A2231223B557365727C733A31333A2241646D696E6973747261746F72223B6C6576656C7C733A353A2261646D696E223B666F746F7C733A31313A2264656661756C742E6A7067223B);
INSERT INTO `ci_sessions` VALUES ('khrbr07svj1e496qs8qhaedes7um5vuc', '::1', 1595997613, 0x5F5F63695F6C6173745F726567656E65726174657C693A313539353939373631333B5573657249447C733A313A2231223B557365727C733A31333A2241646D696E6973747261746F72223B6C6576656C7C733A353A2261646D696E223B666F746F7C733A31313A2264656661756C742E6A7067223B636172745F636F6E74656E74737C613A333A7B733A31303A22636172745F746F74616C223B643A33353030303B733A31313A22746F74616C5F6974656D73223B643A313B733A33323A223930376164636334663333363333613263303430313363366235356532303466223B613A363A7B733A323A226964223B733A363A2241445653504B223B733A333A22717479223B643A313B733A353A227072696365223B643A33353030303B733A343A226E616D65223B733A32343A22416476616E636520537065616B657220322E30204D696E69223B733A353A22726F776964223B733A33323A223930376164636334663333363333613263303430313363366235356532303466223B733A383A22737562746F74616C223B643A33353030303B7D7D);
INSERT INTO `ci_sessions` VALUES ('l5osm4112onrmrnjgl5u5ef5ahkm7li9', '::1', 1595997962, 0x5F5F63695F6C6173745F726567656E65726174657C693A313539353939373936323B5573657249447C733A313A2231223B557365727C733A31333A2241646D696E6973747261746F72223B6C6576656C7C733A353A2261646D696E223B666F746F7C733A31313A2264656661756C742E6A7067223B);
INSERT INTO `ci_sessions` VALUES ('sd8o67npoojgg6v0541f1gnruoeposb0', '::1', 1595998357, 0x5F5F63695F6C6173745F726567656E65726174657C693A313539353939383335373B5573657249447C733A313A2231223B557365727C733A31333A2241646D696E6973747261746F72223B6C6576656C7C733A353A2261646D696E223B666F746F7C733A31313A2264656661756C742E6A7067223B636172745F636F6E74656E74737C613A333A7B733A31303A22636172745F746F74616C223B643A33353030303B733A31313A22746F74616C5F6974656D73223B643A313B733A33323A223930376164636334663333363333613263303430313363366235356532303466223B613A363A7B733A323A226964223B733A363A2241445653504B223B733A333A22717479223B643A313B733A353A227072696365223B643A33353030303B733A343A226E616D65223B733A32343A22416476616E636520537065616B657220322E30204D696E69223B733A353A22726F776964223B733A33323A223930376164636334663333363333613263303430313363366235356532303466223B733A383A22737562746F74616C223B643A33353030303B7D7D);
INSERT INTO `ci_sessions` VALUES ('031e4ctccah5huha2ckfla94tkmu9nqk', '::1', 1595998740, 0x5F5F63695F6C6173745F726567656E65726174657C693A313539353939383734303B5573657249447C733A313A2231223B557365727C733A31333A2241646D696E6973747261746F72223B6C6576656C7C733A353A2261646D696E223B666F746F7C733A31313A2264656661756C742E6A7067223B);
INSERT INTO `ci_sessions` VALUES ('3m8v9pqvqig3fe02rkf6usnm5vmd7hce', '::1', 1596002943, 0x5F5F63695F6C6173745F726567656E65726174657C693A313539363030323934333B5573657249447C733A313A2231223B557365727C733A31333A2241646D696E6973747261746F72223B6C6576656C7C733A353A2261646D696E223B666F746F7C733A31313A2264656661756C742E6A7067223B);
INSERT INTO `ci_sessions` VALUES ('2hko31steccj3dnjqsbk71980s31flcl', '::1', 1596003582, 0x5F5F63695F6C6173745F726567656E65726174657C693A313539363030333538323B5573657249447C733A313A2231223B557365727C733A31333A2241646D696E6973747261746F72223B6C6576656C7C733A353A2261646D696E223B666F746F7C733A31313A2264656661756C742E6A7067223B);
INSERT INTO `ci_sessions` VALUES ('4b1p9cku2bqe5h6hdmjtm8d8stkrtihb', '::1', 1596003958, 0x5F5F63695F6C6173745F726567656E65726174657C693A313539363030333935383B5573657249447C733A313A2231223B557365727C733A31333A2241646D696E6973747261746F72223B6C6576656C7C733A353A2261646D696E223B666F746F7C733A31313A2264656661756C742E6A7067223B);
INSERT INTO `ci_sessions` VALUES ('oa8st5eqjp2suac2ao3jllo84rhl34kp', '::1', 1596004263, 0x5F5F63695F6C6173745F726567656E65726174657C693A313539363030343236333B5573657249447C733A313A2231223B557365727C733A31333A2241646D696E6973747261746F72223B6C6576656C7C733A353A2261646D696E223B666F746F7C733A31313A2264656661756C742E6A7067223B);
INSERT INTO `ci_sessions` VALUES ('5ihqdo22uodnq2t2u3diidhevvje5evs', '::1', 1596004569, 0x5F5F63695F6C6173745F726567656E65726174657C693A313539363030343536393B5573657249447C733A313A2231223B557365727C733A31333A2241646D696E6973747261746F72223B6C6576656C7C733A353A2261646D696E223B666F746F7C733A31313A2264656661756C742E6A7067223B);
INSERT INTO `ci_sessions` VALUES ('upfn45tgmh6qd2urgo4i8hmcb3p5h322', '::1', 1596004873, 0x5F5F63695F6C6173745F726567656E65726174657C693A313539363030343837333B5573657249447C733A313A2231223B557365727C733A31333A2241646D696E6973747261746F72223B6C6576656C7C733A353A2261646D696E223B666F746F7C733A31313A2264656661756C742E6A7067223B);
INSERT INTO `ci_sessions` VALUES ('q40g2b1s107br3c1qqssf9ab24vbdfuj', '::1', 1596005337, 0x5F5F63695F6C6173745F726567656E65726174657C693A313539363030353333373B5573657249447C733A313A2231223B557365727C733A31333A2241646D696E6973747261746F72223B6C6576656C7C733A353A2261646D696E223B666F746F7C733A31313A2264656661756C742E6A7067223B);
INSERT INTO `ci_sessions` VALUES ('8q19v7uleof2nsrnmb4dn3uf5fhjpdh0', '::1', 1596005638, 0x5F5F63695F6C6173745F726567656E65726174657C693A313539363030353633383B5573657249447C733A313A2231223B557365727C733A31333A2241646D696E6973747261746F72223B6C6576656C7C733A353A2261646D696E223B666F746F7C733A31313A2264656661756C742E6A7067223B);
INSERT INTO `ci_sessions` VALUES ('0mnnd47j4rmegkl9as6djkc7tc2lmade', '::1', 1596006391, 0x5F5F63695F6C6173745F726567656E65726174657C693A313539363030363339313B5573657249447C733A313A2231223B557365727C733A31333A2241646D696E6973747261746F72223B6C6576656C7C733A353A2261646D696E223B666F746F7C733A31313A2264656661756C742E6A7067223B);
INSERT INTO `ci_sessions` VALUES ('ic8rker8i3prdhns79uggmmk7aqd4nnl', '::1', 1596006721, 0x5F5F63695F6C6173745F726567656E65726174657C693A313539363030363732313B5573657249447C733A313A2231223B557365727C733A31333A2241646D696E6973747261746F72223B6C6576656C7C733A353A2261646D696E223B666F746F7C733A31313A2264656661756C742E6A7067223B);
INSERT INTO `ci_sessions` VALUES ('k0bnvs6b81d0runsljnrocs30nd4tirk', '::1', 1596007093, 0x5F5F63695F6C6173745F726567656E65726174657C693A313539363030373039333B5573657249447C733A313A2231223B557365727C733A31333A2241646D696E6973747261746F72223B6C6576656C7C733A353A2261646D696E223B666F746F7C733A31313A2264656661756C742E6A7067223B);
INSERT INTO `ci_sessions` VALUES ('0j6lp9dg844ibthrle5t03vfsj8doj3h', '::1', 1596007409, 0x5F5F63695F6C6173745F726567656E65726174657C693A313539363030373430393B5573657249447C733A313A2231223B557365727C733A31333A2241646D696E6973747261746F72223B6C6576656C7C733A353A2261646D696E223B666F746F7C733A31313A2264656661756C742E6A7067223B);
INSERT INTO `ci_sessions` VALUES ('kib0p2qo663uu3g48n9097n7r4vr52cc', '::1', 1596007714, 0x5F5F63695F6C6173745F726567656E65726174657C693A313539363030373731343B5573657249447C733A313A2231223B557365727C733A31333A2241646D696E6973747261746F72223B6C6576656C7C733A353A2261646D696E223B666F746F7C733A31313A2264656661756C742E6A7067223B);
INSERT INTO `ci_sessions` VALUES ('lc0vgdcajor4meohqbjk0om61m2hbh4r', '::1', 1596008340, 0x5F5F63695F6C6173745F726567656E65726174657C693A313539363030383334303B5573657249447C733A313A2231223B557365727C733A31333A2241646D696E6973747261746F72223B6C6576656C7C733A353A2261646D696E223B666F746F7C733A31313A2264656661756C742E6A7067223B);
INSERT INTO `ci_sessions` VALUES ('umgtiocvkigv0nvo32r5ora1fk3pesev', '::1', 1596008664, 0x5F5F63695F6C6173745F726567656E65726174657C693A313539363030383636343B5573657249447C733A313A2231223B557365727C733A31333A2241646D696E6973747261746F72223B6C6576656C7C733A353A2261646D696E223B666F746F7C733A31313A2264656661756C742E6A7067223B);
INSERT INTO `ci_sessions` VALUES ('7gmmvepvb8qbrgn7pgkbuhn0kcspuq1r', '::1', 1596009077, 0x5F5F63695F6C6173745F726567656E65726174657C693A313539363030393037373B5573657249447C733A313A2231223B557365727C733A31333A2241646D696E6973747261746F72223B6C6576656C7C733A353A2261646D696E223B666F746F7C733A31313A2264656661756C742E6A7067223B);
INSERT INTO `ci_sessions` VALUES ('mo4ttrh90tn21fecfopmc987115bl9gp', '::1', 1596009389, 0x5F5F63695F6C6173745F726567656E65726174657C693A313539363030393338393B5573657249447C733A313A2231223B557365727C733A31333A2241646D696E6973747261746F72223B6C6576656C7C733A353A2261646D696E223B666F746F7C733A31313A2264656661756C742E6A7067223B);
INSERT INTO `ci_sessions` VALUES ('75tq57bg6cvjvrbr8cuq8an8gfkect73', '::1', 1596015673, 0x5F5F63695F6C6173745F726567656E65726174657C693A313539363031353637333B5573657249447C733A313A2231223B557365727C733A31333A2241646D696E6973747261746F72223B6C6576656C7C733A353A2261646D696E223B666F746F7C733A31313A2264656661756C742E6A7067223B);
INSERT INTO `ci_sessions` VALUES ('n279i1ir5fon4n9dg375deh08h0l0qv9', '::1', 1596015989, 0x5F5F63695F6C6173745F726567656E65726174657C693A313539363031353938393B5573657249447C733A313A2231223B557365727C733A31333A2241646D696E6973747261746F72223B6C6576656C7C733A353A2261646D696E223B666F746F7C733A31313A2264656661756C742E6A7067223B);
INSERT INTO `ci_sessions` VALUES ('f7phnjkpcnlg97hfnv290jt1b291837m', '::1', 1596016488, 0x5F5F63695F6C6173745F726567656E65726174657C693A313539363031363438383B5573657249447C733A313A2231223B557365727C733A31333A2241646D696E6973747261746F72223B6C6576656C7C733A353A2261646D696E223B666F746F7C733A31313A2264656661756C742E6A7067223B);
INSERT INTO `ci_sessions` VALUES ('3oi503lflkh3t5u2ug7fbq34rlggcirr', '::1', 1596017008, 0x5F5F63695F6C6173745F726567656E65726174657C693A313539363031373030383B5573657249447C733A313A2231223B557365727C733A31333A2241646D696E6973747261746F72223B6C6576656C7C733A353A2261646D696E223B666F746F7C733A31313A2264656661756C742E6A7067223B);
INSERT INTO `ci_sessions` VALUES ('0oiigoiau8n4gv1m6n0447ac4n9g1ijp', '::1', 1596017492, 0x5F5F63695F6C6173745F726567656E65726174657C693A313539363031373439323B5573657249447C733A313A2231223B557365727C733A31333A2241646D696E6973747261746F72223B6C6576656C7C733A353A2261646D696E223B666F746F7C733A31313A2264656661756C742E6A7067223B);
INSERT INTO `ci_sessions` VALUES ('le4kaek9bf9ccpjhb480i4h1225bnues', '::1', 1596017832, 0x5F5F63695F6C6173745F726567656E65726174657C693A313539363031373833323B5573657249447C733A313A2231223B557365727C733A31333A2241646D696E6973747261746F72223B6C6576656C7C733A353A2261646D696E223B666F746F7C733A31313A2264656661756C742E6A7067223B);
INSERT INTO `ci_sessions` VALUES ('fk6l9gkjp2b44stk0c9ja5c8ilm0rj2o', '::1', 1596018149, 0x5F5F63695F6C6173745F726567656E65726174657C693A313539363031383134393B5573657249447C733A313A2231223B557365727C733A31343A2241646D696E6973747261746F7273223B6C6576656C7C733A353A2261646D696E223B666F746F7C733A31383A22666F746F313539363031373834372E706E67223B);
INSERT INTO `ci_sessions` VALUES ('bmvo519no3i5mqtbe56hgghge2ub70pr', '::1', 1596018068, 0x5F5F63695F6C6173745F726567656E65726174657C693A313539363031383036383B);
INSERT INTO `ci_sessions` VALUES ('fppe2f6cecbnhg4eigj46267pqaspm6o', '::1', 1596018068, 0x5F5F63695F6C6173745F726567656E65726174657C693A313539363031383036383B);
INSERT INTO `ci_sessions` VALUES ('8ffm3dgopi3md84gso66vvrfs35i66e8', '::1', 1596018068, 0x5F5F63695F6C6173745F726567656E65726174657C693A313539363031383036383B);
INSERT INTO `ci_sessions` VALUES ('4giul5qtg6hiahm8mlgd83ftjot4jesf', '::1', 1596018177, 0x5F5F63695F6C6173745F726567656E65726174657C693A313539363031383137373B);
INSERT INTO `ci_sessions` VALUES ('1tp0j3o3fpp5h8r6roou0k23pulmkr4f', '::1', 1596069635, 0x5F5F63695F6C6173745F726567656E65726174657C693A313539363036393633353B5573657249447C733A313A2231223B557365727C733A31333A2241646D696E6973747261746F72223B6C6576656C7C733A353A2261646D696E223B666F746F7C733A31383A22666F746F313539363031373834372E706E67223B);
INSERT INTO `ci_sessions` VALUES ('r24adq6roq59o3rqpc68fvghpn04ou74', '::1', 1596069586, 0x5F5F63695F6C6173745F726567656E65726174657C693A313539363036393538363B);
INSERT INTO `ci_sessions` VALUES ('balpl2ed4ars5r2jkvbelnd9p3smpot1', '::1', 1596069586, 0x5F5F63695F6C6173745F726567656E65726174657C693A313539363036393538363B);
INSERT INTO `ci_sessions` VALUES ('0pq6n52t0ilt3eljr3pjtenqt3vl1us7', '::1', 1596069586, 0x5F5F63695F6C6173745F726567656E65726174657C693A313539363036393538363B);
INSERT INTO `ci_sessions` VALUES ('0o7nc6vnou05gueo7hiegpvssvou004h', '::1', 1596070023, 0x5F5F63695F6C6173745F726567656E65726174657C693A313539363037303032333B5573657249447C733A313A2231223B557365727C733A31333A2241646D696E6973747261746F72223B6C6576656C7C733A353A2261646D696E223B666F746F7C733A31383A22666F746F313539363031373834372E706E67223B);
INSERT INTO `ci_sessions` VALUES ('ibqnsdf8q9foripgf5umf202ejeblfrl', '::1', 1596070627, 0x5F5F63695F6C6173745F726567656E65726174657C693A313539363037303632373B5573657249447C733A313A2231223B557365727C733A31333A2241646D696E6973747261746F72223B6C6576656C7C733A353A2261646D696E223B666F746F7C733A31383A22666F746F313539363031373834372E706E67223B);
INSERT INTO `ci_sessions` VALUES ('p6q41rqap0vga7nkdvababu1l89lastb', '::1', 1596071126, 0x5F5F63695F6C6173745F726567656E65726174657C693A313539363037313132363B5573657249447C733A313A2232223B557365727C733A373A2250656761776169223B6C6576656C7C733A373A2270656761776169223B666F746F7C733A31383A22666F746F313539353035373739372E4A5047223B);
INSERT INTO `ci_sessions` VALUES ('6fen769eagko4ggpe4qfb0bt5aqmoauq', '::1', 1596071434, 0x5F5F63695F6C6173745F726567656E65726174657C693A313539363037313433343B5573657249447C733A313A2232223B557365727C733A373A2250656761776169223B6C6576656C7C733A373A2270656761776169223B666F746F7C733A31383A22666F746F313539353035373739372E4A5047223B);
INSERT INTO `ci_sessions` VALUES ('bv5id8mmgfsgnqa0l697g1hrtmf70bq2', '::1', 1596072457, 0x5F5F63695F6C6173745F726567656E65726174657C693A313539363037323435373B5573657249447C733A313A2232223B557365727C733A373A2250656761776169223B6C6576656C7C733A373A2270656761776169223B666F746F7C733A31383A22666F746F313539363037313436392E706E67223B);
INSERT INTO `ci_sessions` VALUES ('tnuhq8o7le2n5iklne0cf3gb81f2ofa9', '::1', 1596072574, 0x5F5F63695F6C6173745F726567656E65726174657C693A313539363037323435373B5573657249447C733A313A2232223B557365727C733A373A2250656761776169223B6C6576656C7C733A373A2270656761776169223B666F746F7C733A31383A22666F746F313539363037313436392E706E67223B);
INSERT INTO `ci_sessions` VALUES ('5hbneabjel063lcklg39e8qqsddsjdsi', '127.0.0.1', 1642499845, 0x5F5F63695F6C6173745F726567656E65726174657C693A313634323439393834353B5573657249447C733A313A2231223B557365727C733A31333A2241646D696E6973747261746F72223B6C6576656C7C733A353A2261646D696E223B666F746F7C733A31383A22666F746F313539363031373834372E706E67223B);
INSERT INTO `ci_sessions` VALUES ('55gv8tsmj8fr8ee5c0ulm7tnpqqh28k3', '127.0.0.1', 1642500090, 0x5F5F63695F6C6173745F726567656E65726174657C693A313634323439393834353B5573657249447C733A313A2231223B557365727C733A31333A2241646D696E6973747261746F72223B6C6576656C7C733A353A2261646D696E223B666F746F7C733A31383A22666F746F313539363031373834372E706E67223B);

-- ----------------------------
-- Table structure for tbl_barang
-- ----------------------------
DROP TABLE IF EXISTS `tbl_barang`;
CREATE TABLE `tbl_barang`  (
  `kode_barang` varchar(6) CHARACTER SET utf8mb4 COLLATE utf8mb4_general_ci NOT NULL,
  `nama_barang` varchar(255) CHARACTER SET utf8mb4 COLLATE utf8mb4_general_ci NOT NULL,
  `brand` varchar(255) CHARACTER SET utf8mb4 COLLATE utf8mb4_general_ci NOT NULL,
  `stok` int(11) NOT NULL DEFAULT 0,
  `harga` double NOT NULL,
  `active` enum('Y','N') CHARACTER SET utf8mb4 COLLATE utf8mb4_general_ci NOT NULL DEFAULT 'Y',
  PRIMARY KEY (`kode_barang`) USING BTREE
) ENGINE = InnoDB CHARACTER SET = utf8mb4 COLLATE = utf8mb4_general_ci ROW_FORMAT = Dynamic;

-- ----------------------------
-- Records of tbl_barang
-- ----------------------------
INSERT INTO `tbl_barang` VALUES ('ADVSPK', 'Advance Speaker 2.0 Mini', 'Advance', 4, 50000, 'Y');
INSERT INTO `tbl_barang` VALUES ('CTR810', 'Cartridge 810', 'Canon', 2, 210000, 'Y');
INSERT INTO `tbl_barang` VALUES ('CTR811', 'Cartridge 811', 'Canon', 1, 260000, 'Y');
INSERT INTO `tbl_barang` VALUES ('FDS16G', 'Flashdisk Sandisk 16 GB', 'Sandisk', 10, 70000, 'Y');
INSERT INTO `tbl_barang` VALUES ('FDT16G', 'Flashdisk Toshiba 16 GB', 'Toshiba', 6, 60000, 'Y');
INSERT INTO `tbl_barang` VALUES ('FME001', 'Fan Murago Ergostand', 'Murago', 4, 80000, 'Y');
INSERT INTO `tbl_barang` VALUES ('KB2308', 'Keyboard Votre KB2308', 'Votre', 6, 45000, 'Y');
INSERT INTO `tbl_barang` VALUES ('MDMUSB', 'Modem USB Flash Unlimited', 'Telkomsel', 2, 175000, 'Y');
INSERT INTO `tbl_barang` VALUES ('SP2120', 'Speaker Logitect 2120', 'Logitech', 4, 140000, 'Y');
INSERT INTO `tbl_barang` VALUES ('SPTR14', 'Screen Protector 14 Inch', 'Centro', 2, 12000, 'Y');
INSERT INTO `tbl_barang` VALUES ('TNTF1', 'Tinta F1', 'F1', 8, 26000, 'Y');

-- ----------------------------
-- Table structure for tbl_detail_pembelian
-- ----------------------------
DROP TABLE IF EXISTS `tbl_detail_pembelian`;
CREATE TABLE `tbl_detail_pembelian`  (
  `id_pembelian` varchar(20) CHARACTER SET utf8mb4 COLLATE utf8mb4_general_ci NOT NULL,
  `id_barang` varchar(6) CHARACTER SET utf8mb4 COLLATE utf8mb4_general_ci NOT NULL,
  `qty` smallint(6) NOT NULL,
  `harga` double NOT NULL
) ENGINE = InnoDB CHARACTER SET = utf8mb4 COLLATE = utf8mb4_general_ci ROW_FORMAT = Dynamic;

-- ----------------------------
-- Records of tbl_detail_pembelian
-- ----------------------------
INSERT INTO `tbl_detail_pembelian` VALUES ('ID1595997781', 'ADVSPK', 2, 35000);
INSERT INTO `tbl_detail_pembelian` VALUES ('ID1595997781', 'CTR810', 1, 190000);
INSERT INTO `tbl_detail_pembelian` VALUES ('ID1596005126', 'CTR811', 1, 245000);

-- ----------------------------
-- Table structure for tbl_detail_penjualan
-- ----------------------------
DROP TABLE IF EXISTS `tbl_detail_penjualan`;
CREATE TABLE `tbl_detail_penjualan`  (
  `id_penjualan` varchar(20) CHARACTER SET utf8mb4 COLLATE utf8mb4_general_ci NOT NULL,
  `id_barang` varchar(6) CHARACTER SET utf8mb4 COLLATE utf8mb4_general_ci NOT NULL,
  `qty` smallint(6) NOT NULL,
  `harga` double NOT NULL
) ENGINE = InnoDB CHARACTER SET = utf8mb4 COLLATE = utf8mb4_general_ci ROW_FORMAT = Dynamic;

-- ----------------------------
-- Records of tbl_detail_penjualan
-- ----------------------------
INSERT INTO `tbl_detail_penjualan` VALUES ('ID1595897625', 'CTR810', 1, 210000);
INSERT INTO `tbl_detail_penjualan` VALUES ('ID1595990535', 'CTR811', 2, 260000);

-- ----------------------------
-- Table structure for tbl_pembelian
-- ----------------------------
DROP TABLE IF EXISTS `tbl_pembelian`;
CREATE TABLE `tbl_pembelian`  (
  `id_pembelian` varchar(20) CHARACTER SET utf8mb4 COLLATE utf8mb4_general_ci NOT NULL,
  `tgl_pembelian` date NOT NULL,
  `id_supplier` varchar(15) CHARACTER SET utf8mb4 COLLATE utf8mb4_general_ci NOT NULL,
  `id_user` int(11) NOT NULL,
  PRIMARY KEY (`id_pembelian`) USING BTREE
) ENGINE = InnoDB CHARACTER SET = utf8mb4 COLLATE = utf8mb4_general_ci ROW_FORMAT = Dynamic;

-- ----------------------------
-- Records of tbl_pembelian
-- ----------------------------
INSERT INTO `tbl_pembelian` VALUES ('ID1595997781', '2020-07-29', 'ID1595998788', 1);
INSERT INTO `tbl_pembelian` VALUES ('ID1596005126', '2020-07-28', 'ID1595997179', 1);

-- ----------------------------
-- Table structure for tbl_penjualan
-- ----------------------------
DROP TABLE IF EXISTS `tbl_penjualan`;
CREATE TABLE `tbl_penjualan`  (
  `id_penjualan` varchar(20) CHARACTER SET utf8mb4 COLLATE utf8mb4_general_ci NOT NULL,
  `nama_pembeli` varchar(30) CHARACTER SET utf8mb4 COLLATE utf8mb4_general_ci NOT NULL,
  `tgl_penjualan` date NOT NULL,
  `id_user` int(11) NOT NULL,
  PRIMARY KEY (`id_penjualan`) USING BTREE
) ENGINE = InnoDB CHARACTER SET = utf8mb4 COLLATE = utf8mb4_general_ci ROW_FORMAT = Dynamic;

-- ----------------------------
-- Records of tbl_penjualan
-- ----------------------------
INSERT INTO `tbl_penjualan` VALUES ('ID1595897625', 'Ans Komputer', '2022-01-18', 1);
INSERT INTO `tbl_penjualan` VALUES ('ID1595990535', 'Sarana Informasi Computer', '2022-01-18', 1);

-- ----------------------------
-- Table structure for tbl_supplier
-- ----------------------------
DROP TABLE IF EXISTS `tbl_supplier`;
CREATE TABLE `tbl_supplier`  (
  `id_supplier` varchar(15) CHARACTER SET utf8mb4 COLLATE utf8mb4_general_ci NOT NULL,
  `nama_supplier` varchar(255) CHARACTER SET utf8mb4 COLLATE utf8mb4_general_ci NOT NULL,
  `alamat` varchar(255) CHARACTER SET utf8mb4 COLLATE utf8mb4_general_ci NOT NULL,
  `telp` varchar(20) CHARACTER SET utf8mb4 COLLATE utf8mb4_general_ci NOT NULL,
  PRIMARY KEY (`id_supplier`) USING BTREE
) ENGINE = InnoDB CHARACTER SET = utf8mb4 COLLATE = utf8mb4_general_ci ROW_FORMAT = Dynamic;

-- ----------------------------
-- Records of tbl_supplier
-- ----------------------------
INSERT INTO `tbl_supplier` VALUES ('ID1595997179', 'Ans Computer', 'Jalan Prujakan No 19, Kota Cirebon', '0231202020');
INSERT INTO `tbl_supplier` VALUES ('ID1595998788', 'Sarana Informasi Computer', 'Jalan Pasuketan, Cirebon', '0231487498');

-- ----------------------------
-- Table structure for tbl_user
-- ----------------------------
DROP TABLE IF EXISTS `tbl_user`;
CREATE TABLE `tbl_user`  (
  `id_user` int(11) NOT NULL AUTO_INCREMENT,
  `username` varchar(30) CHARACTER SET utf8mb4 COLLATE utf8mb4_general_ci NOT NULL,
  `fullname` varchar(50) CHARACTER SET utf8mb4 COLLATE utf8mb4_general_ci NOT NULL,
  `password` varchar(255) CHARACTER SET utf8mb4 COLLATE utf8mb4_general_ci NOT NULL,
  `alamat` varchar(255) CHARACTER SET utf8mb4 COLLATE utf8mb4_general_ci NOT NULL,
  `hp` varchar(20) CHARACTER SET utf8mb4 COLLATE utf8mb4_general_ci NOT NULL,
  `foto` varchar(50) CHARACTER SET utf8mb4 COLLATE utf8mb4_general_ci NOT NULL DEFAULT 'default.jpg',
  `level` enum('admin','pegawai') CHARACTER SET utf8mb4 COLLATE utf8mb4_general_ci NOT NULL,
  `active` enum('Y','N') CHARACTER SET utf8mb4 COLLATE utf8mb4_general_ci NOT NULL DEFAULT 'Y',
  `last_login` datetime(0) NULL DEFAULT NULL,
  PRIMARY KEY (`id_user`) USING BTREE,
  UNIQUE INDEX `username`(`username`) USING BTREE
) ENGINE = InnoDB AUTO_INCREMENT = 7 CHARACTER SET = utf8mb4 COLLATE = utf8mb4_general_ci ROW_FORMAT = Dynamic;

-- ----------------------------
-- Records of tbl_user
-- ----------------------------
INSERT INTO `tbl_user` VALUES (1, 'admin', 'Administrator', '$2y$08$BO41OJFfhPPPzjKdWw2I6OyUElK1mkD43UVt1ss6J1xrVUExC1lRy', '', '', 'foto1596017847.png', 'admin', 'Y', '2020-07-30 07:59:43');
INSERT INTO `tbl_user` VALUES (2, 'pegawai', 'Pegawai', '$2y$10$olYBNG922jcidz72pT9J1..CGibu9v8yjdbhtrM03VuKZRGFDZfZ.', 'Jalan Pangkalan Blok Plered Cirebon', '089660222076', 'foto1596071469.png', 'pegawai', 'Y', '2020-07-18 15:18:43');
INSERT INTO `tbl_user` VALUES (6, 'userpegawai2', 'Pegawai Kedua', '$2y$10$7f3se2qXZh.tBDtIflg2Le7U/CHYw2JrI8QGSuYiMyCnvyr6PLN1y', 'Cirebon Jawa Barat', '089660222076', 'foto1595054714.png', 'pegawai', 'Y', '2020-07-22 07:59:43');

-- ----------------------------
-- Triggers structure for table tbl_detail_pembelian
-- ----------------------------
DROP TRIGGER IF EXISTS `pembelian_barang`;
delimiter ;;
CREATE TRIGGER `pembelian_barang` AFTER INSERT ON `tbl_detail_pembelian` FOR EACH ROW BEGIN
	UPDATE tbl_barang b SET b.stok = b.stok + new.qty
    WHERE b.kode_barang = new.id_barang;
END
;;
delimiter ;

-- ----------------------------
-- Triggers structure for table tbl_detail_pembelian
-- ----------------------------
DROP TRIGGER IF EXISTS `update_pembelian`;
delimiter ;;
CREATE TRIGGER `update_pembelian` AFTER DELETE ON `tbl_detail_pembelian` FOR EACH ROW BEGIN
	UPDATE tbl_barang b SET b.stok = b.stok - old.qty
    WHERE b.kode_barang = old.id_barang;
END
;;
delimiter ;

-- ----------------------------
-- Triggers structure for table tbl_detail_penjualan
-- ----------------------------
DROP TRIGGER IF EXISTS `penjualan_barang`;
delimiter ;;
CREATE TRIGGER `penjualan_barang` AFTER INSERT ON `tbl_detail_penjualan` FOR EACH ROW BEGIN
	UPDATE tbl_barang b SET b.stok = b.stok - new.qty
    WHERE b.kode_barang = new.id_barang;
END
;;
delimiter ;

-- ----------------------------
-- Triggers structure for table tbl_detail_penjualan
-- ----------------------------
DROP TRIGGER IF EXISTS `update_penjualan`;
delimiter ;;
CREATE TRIGGER `update_penjualan` AFTER DELETE ON `tbl_detail_penjualan` FOR EACH ROW BEGIN
	UPDATE tbl_barang b SET b.stok = b.stok + old.qty
    WHERE b.kode_barang = old.id_barang;
END
;;
delimiter ;

SET FOREIGN_KEY_CHECKS = 1;
